{
    "rmse": 0.7130435436218953,
    "mae": 0.5580162552173518,
    "r2": 0.21782185380822017
}